Id,NewId,Title,LogoUrl
16TV,16TV,16TV,
9. TV,9. TV,9. TV,
AMC HD,AMC HD,AMC HD,https://raw.githubusercontent.com/SasSam/tv_channel_logos/refs/heads/main/jpg/amc.jpg
Animal Planet HD,Animal Planet HD,Animal Planet HD,https://raw.githubusercontent.com/SasSam/tv_channel_logos/refs/heads/main/jpg/animal_planet.jpg
Apostol TV,Apostol TV,Apostol TV,
ARÉNA4 HD,ARÉNA4 HD,ARÉNA4 HD,https://raw.githubusercontent.com/SasSam/tv_channel_logos/refs/heads/main/jpg/arena_4.jpg
ATV,ATV,ATV,https://raw.githubusercontent.com/SasSam/tv_channel_logos/refs/heads/main/jpg/atv.jpg
ATV HD,ATV HD,ATV HD,https://raw.githubusercontent.com/SasSam/tv_channel_logos/refs/heads/main/jpg/atv.jpg
ATV Spirit HD,ATV Spirit HD,ATV Spirit HD,https://raw.githubusercontent.com/SasSam/tv_channel_logos/refs/heads/main/jpg/atv_spirit.jpg
Auto.Motor.Sport.TV.hu,Auto.Motor.Sport.TV.hu,Auto.Motor.Sport.TV.hu,https://raw.githubusercontent.com/SasSam/tv_channel_logos/refs/heads/main/jpg/auto_motor_sport.jpg
AXN,AXN,AXN,https://raw.githubusercontent.com/SasSam/tv_channel_logos/refs/heads/main/jpg/axn.jpg
AXN HD,AXN HD,AXN HD,https://raw.githubusercontent.com/SasSam/tv_channel_logos/refs/heads/main/jpg/axn.jpg
BARTÓK RÁDIÓ,BARTÓK RÁDIÓ,BARTÓK RÁDIÓ,
BBC earth,BBC earth,BBC earth,https://raw.githubusercontent.com/SasSam/tv_channel_logos/refs/heads/main/jpg/bbc_earth.jpg
BKTV,BKTV,BKTV,
Bloomberg TV,Bloomberg TV,Bloomberg TV,https://raw.githubusercontent.com/SasSam/tv_channel_logos/refs/heads/main/jpg/bloomberg.jpg
Cartoon Network,Cartoon Network,Cartoon Network,https://raw.githubusercontent.com/SasSam/tv_channel_logos/refs/heads/main/jpg/cartoon_network.jpg
Cartoonito,Cartoonito,Cartoonito,https://raw.githubusercontent.com/SasSam/tv_channel_logos/refs/heads/main/jpg/cartoonito.jpg
CCTV4,CCTV4,CCTV4,https://raw.githubusercontent.com/SasSam/tv_channel_logos/refs/heads/main/jpg/cctv_4.jpg
Centrum TV,Centrum TV,Centrum TV,https://raw.githubusercontent.com/SasSam/tv_channel_logos/refs/heads/main/jpg/centrum_tv.jpg
Channel 14,Channel 14,Channel 14,https://raw.githubusercontent.com/SasSam/tv_channel_logos/refs/heads/main/jpg/channel_14.jpg
Cinemax 2 HD,Cinemax 2 HD,Cinemax 2 HD,https://raw.githubusercontent.com/SasSam/tv_channel_logos/refs/heads/main/jpg/cinemax_2.jpg
Cinemax HD,Cinemax HD,Cinemax HD,https://raw.githubusercontent.com/SasSam/tv_channel_logos/refs/heads/main/jpg/cinemax.jpg
CNN,CNN,CNN,https://raw.githubusercontent.com/SasSam/tv_channel_logos/refs/heads/main/jpg/cnn.jpg
Comedy Central,Comedy Central,Comedy Central,https://raw.githubusercontent.com/SasSam/tv_channel_logos/refs/heads/main/jpg/comedy_central.jpg
Comedy Central,Comedy Central,Comedy Central,https://raw.githubusercontent.com/SasSam/tv_channel_logos/refs/heads/main/jpg/comedy_central.jpg
Cool TV HD,Cool TV HD,Cool TV HD,https://raw.githubusercontent.com/SasSam/tv_channel_logos/refs/heads/main/jpg/cool_tv.jpg
d1 TV,d1 TV,d1 TV,
Da Vinci,Da Vinci,Da Vinci,https://raw.githubusercontent.com/SasSam/tv_channel_logos/refs/heads/main/jpg/da_vinci.jpg
Deutsche Welle,Deutsche Welle,Deutsche Welle,https://raw.githubusercontent.com/SasSam/tv_channel_logos/refs/heads/main/jpg/deutsche_welle.jpg
Dikh TV HD,Dikh TV HD,Dikh TV HD,
Discovery Channel,Discovery Channel,Discovery Channel,https://raw.githubusercontent.com/SasSam/tv_channel_logos/refs/heads/main/jpg/discovery.jpg
Discovery Channel HD,Discovery Channel HD,Discovery Channel HD,https://raw.githubusercontent.com/SasSam/tv_channel_logos/refs/heads/main/jpg/discovery.jpg
Disney Channel,Disney Channel,Disney Channel,https://raw.githubusercontent.com/SasSam/tv_channel_logos/refs/heads/main/jpg/disney_channel.jpg
duck tv,duck tv,duck tv,https://raw.githubusercontent.com/SasSam/tv_channel_logos/refs/heads/main/jpg/duck_tv.jpg
DUNA HD,DUNA HD,DUNA HD,https://raw.githubusercontent.com/SasSam/tv_channel_logos/refs/heads/main/jpg/duna.jpg
DUNA W/M4 Sport+ HD,DUNA W/M4 Sport+ HD,DUNA W/M4 Sport+ HD,https://raw.githubusercontent.com/SasSam/tv_channel_logos/refs/heads/main/jpg/duna_world_hd.jpg
EKT,EKT,EKT,
Epic Drama HD,Epic Drama HD,Epic Drama HD,https://raw.githubusercontent.com/SasSam/tv_channel_logos/refs/heads/main/jpg/epic_drama.jpg
Eurosport 2 HD,Eurosport 2 HD,Eurosport 2 HD,https://raw.githubusercontent.com/SasSam/tv_channel_logos/refs/heads/main/jpg/eurosport_2.jpg
Eurosport HD,Eurosport HD,Eurosport HD,https://raw.githubusercontent.com/SasSam/tv_channel_logos/refs/heads/main/jpg/eurosport_1.jpg
EWTN,EWTN,EWTN,
Fem3 HU,Fem3 HU,Fem3 HU,https://raw.githubusercontent.com/SasSam/tv_channel_logos/refs/heads/main/jpg/fem3.jpg
Film Café HD,Film Café HD,Film Café HD,https://raw.githubusercontent.com/SasSam/tv_channel_logos/refs/heads/main/jpg/film_cafe.jpg
Film Mánia HD,Film Mánia HD,Film Mánia HD,https://raw.githubusercontent.com/SasSam/tv_channel_logos/refs/heads/main/jpg/filmmania.jpg
Film+ HD,Film+ HD,Film+ HD,https://raw.githubusercontent.com/SasSam/tv_channel_logos/refs/heads/main/jpg/film_plusz.jpg
Film4,Film4,Film4,https://raw.githubusercontent.com/SasSam/tv_channel_logos/refs/heads/main/jpg/film_4.jpg
FilmBox Extra HD,FilmBox Extra HD,FilmBox Extra HD,https://raw.githubusercontent.com/SasSam/tv_channel_logos/refs/heads/main/jpg/filmbox_extra_hd.jpg
FilmBox Family,FilmBox Family,FilmBox Family,https://raw.githubusercontent.com/SasSam/tv_channel_logos/refs/heads/main/jpg/filmbox_family.jpg
FilmBox HD,FilmBox HD,FilmBox HD,https://raw.githubusercontent.com/SasSam/tv_channel_logos/refs/heads/main/jpg/filmbox.jpg
FilmBox Premium,FilmBox Premium,FilmBox Premium,https://raw.githubusercontent.com/SasSam/tv_channel_logos/refs/heads/main/jpg/filmbox_premium_hd.jpg
FilmBox Stars,FilmBox Stars,FilmBox Stars,https://raw.githubusercontent.com/SasSam/tv_channel_logos/refs/heads/main/jpg/filmbox_stars.jpg
Galaxy4,Galaxy4,Galaxy4,https://raw.githubusercontent.com/SasSam/tv_channel_logos/refs/heads/main/jpg/galaxy_4.jpg
Galaxy4 HD,Galaxy4 HD,Galaxy4 HD,https://raw.githubusercontent.com/SasSam/tv_channel_logos/refs/heads/main/jpg/galaxy_4.jpg
Hangulat,Hangulat,Hangulat,
HBO,HBO,HBO,https://raw.githubusercontent.com/SasSam/tv_channel_logos/refs/heads/main/jpg/hbo.jpg
HBO 2,HBO 2,HBO 2,https://raw.githubusercontent.com/SasSam/tv_channel_logos/refs/heads/main/jpg/hbo2.jpg
HBO 2 HD,HBO 2 HD,HBO 2 HD,https://raw.githubusercontent.com/SasSam/tv_channel_logos/refs/heads/main/jpg/hbo2.jpg
HBO 3,HBO 3,HBO 3,https://raw.githubusercontent.com/SasSam/tv_channel_logos/refs/heads/main/jpg/hbo_3.jpg
HBO 3 HD,HBO 3 HD,HBO 3 HD,https://raw.githubusercontent.com/SasSam/tv_channel_logos/refs/heads/main/jpg/hbo_3.jpg
HBO HD,HBO HD,HBO HD,https://raw.githubusercontent.com/SasSam/tv_channel_logos/refs/heads/main/jpg/hbo.jpg
Hegyvidek TV,Hegyvidek TV,Hegyvidek TV,
Heti TV,Heti TV,Heti TV,
HGTV,HGTV,HGTV,https://raw.githubusercontent.com/SasSam/tv_channel_logos/refs/heads/main/jpg/hgtv.jpg
Hír TV HD,Hír TV HD,Hír TV HD,https://raw.githubusercontent.com/SasSam/tv_channel_logos/refs/heads/main/jpg/hir_tv.jpg
Hirschmilch Chillout Radio,Hirschmilch Chillout Radio,Hirschmilch Chillout Radio,
HISTORY HD,HISTORY HD,HISTORY HD,https://raw.githubusercontent.com/SasSam/tv_channel_logos/refs/heads/main/jpg/history_channel.jpg
HU - STORY 4,HU - STORY 4,HU - STORY 4,https://raw.githubusercontent.com/SasSam/tv_channel_logos/refs/heads/main/jpg/story_4.jpg
HunyadiTV,HunyadiTV,HunyadiTV,
ID HD,ID HD,ID HD,https://raw.githubusercontent.com/SasSam/tv_channel_logos/refs/heads/main/jpg/ig_hd.jpg
Infocsatorna I,Infocsatorna I,Infocsatorna I,https://upload.wikimedia.org/wikipedia/commons/thumb/9/91/Digi_logo.svg/220px-Digi_logo.svg.png
Infocsatorna II,Infocsatorna II,Infocsatorna II,
Izaura TV,Izaura TV,Izaura TV,https://raw.githubusercontent.com/SasSam/tv_channel_logos/refs/heads/main/jpg/izaura_tv.jpg
Jazz TV,Jazz TV,Jazz TV,https://raw.githubusercontent.com/SasSam/tv_channel_logos/refs/heads/main/jpg/jazz_tv.jpg
JimJam,JimJam,JimJam,https://raw.githubusercontent.com/SasSam/tv_channel_logos/refs/heads/main/jpg/jimjam.jpg
Jocky TV,Jocky TV,Jocky TV,https://raw.githubusercontent.com/SasSam/tv_channel_logos/refs/heads/main/jpg/jocky_tv.jpg
Kispest TV,Kispest TV,Kispest TV,
Kölyök Klub HD,Kölyök Klub HD,Kölyök Klub HD,https://raw.githubusercontent.com/SasSam/tv_channel_logos/refs/heads/main/jpg/kolyok_klub.jpg
KOSSUTH RÁDIÓ,KOSSUTH RÁDIÓ,KOSSUTH RÁDIÓ,
Life TV HD,Life TV HD,Life TV HD,https://raw.githubusercontent.com/SasSam/tv_channel_logos/refs/heads/main/jpg/life_tv.jpg
M1 HD,M1 HD,M1 HD,https://raw.githubusercontent.com/SasSam/tv_channel_logos/refs/heads/main/jpg/m1.jpg
M2 / Petőfi TV HD,M2 / Petőfi TV HD,M2 / Petőfi TV HD,https://raw.githubusercontent.com/SasSam/tv_channel_logos/refs/heads/main/jpg/m2.jpg
M4 Sport HD,M4 Sport HD,M4 Sport HD,https://raw.githubusercontent.com/SasSam/tv_channel_logos/refs/heads/main/jpg/m4_sport.jpg
M5 HD,M5 HD,M5 HD,https://raw.githubusercontent.com/SasSam/tv_channel_logos/refs/heads/main/jpg/m5.jpg
Magyar Mozi TV,Magyar Mozi TV,Magyar Mozi TV,https://raw.githubusercontent.com/SasSam/tv_channel_logos/refs/heads/main/jpg/magyar_mozi.jpg
Magyar Sláger TV,Magyar Sláger TV,Magyar Sláger TV,https://raw.githubusercontent.com/SasSam/tv_channel_logos/refs/heads/main/jpg/magyar_slager_tv.jpg
MATCH4 HD,MATCH4 HD,MATCH4 HD,https://raw.githubusercontent.com/SasSam/tv_channel_logos/refs/heads/main/jpg/match_4.jpg
MAX4,MAX4,MAX4,https://raw.githubusercontent.com/SasSam/tv_channel_logos/refs/heads/main/jpg/max_4.jpg
Mezzo,Mezzo,Mezzo,https://raw.githubusercontent.com/SasSam/tv_channel_logos/refs/heads/main/jpg/mezzo.jpg
Minimax,Minimax,Minimax,https://raw.githubusercontent.com/SasSam/tv_channel_logos/refs/heads/main/jpg/minimax.jpg
Mozi Klub,Mozi Klub,Mozi Klub,https://raw.githubusercontent.com/SasSam/tv_channel_logos/refs/heads/main/jpg/moziklub.jpg
Mozi+ HD,Mozi+ HD,Mozi+ HD,https://raw.githubusercontent.com/SasSam/tv_channel_logos/refs/heads/main/jpg/mozi_plusz_hd.jpg
Moziverzum,Moziverzum,Moziverzum,https://raw.githubusercontent.com/SasSam/tv_channel_logos/refs/heads/main/jpg/moziverzum.jpg
MTV 00s,MTV 00s,MTV 00s,https://raw.githubusercontent.com/SasSam/tv_channel_logos/refs/heads/main/jpg/mtv_00s.jpg
MTV European,MTV European,MTV European,https://raw.githubusercontent.com/SasSam/tv_channel_logos/refs/heads/main/jpg/mtv.jpg
Muzsika TV,Muzsika TV,Muzsika TV,https://raw.githubusercontent.com/SasSam/tv_channel_logos/refs/heads/main/jpg/muzsika_tv.jpg
Nat Geo HD,Nat Geo HD,Nat Geo HD,https://raw.githubusercontent.com/SasSam/tv_channel_logos/refs/heads/main/jpg/national_geographic_channel.jpg
Nat Geo Wild HD,Nat Geo Wild HD,Nat Geo Wild HD,https://raw.githubusercontent.com/SasSam/tv_channel_logos/refs/heads/main/jpg/nat_geo_wild_hd.jpg
Nick Jr.,Nick Jr.,Nick Jr.,https://raw.githubusercontent.com/SasSam/tv_channel_logos/refs/heads/main/jpg/nick_jr.jpg
Nickelodeon,Nickelodeon,Nickelodeon,https://raw.githubusercontent.com/SasSam/tv_channel_logos/refs/heads/main/jpg/nickelodeon.jpg
NickMusic EN,NickMusic EN,NickMusic EN,https://raw.githubusercontent.com/SasSam/tv_channel_logos/refs/heads/main/jpg/nick_music.jpg
Nicktoons,Nicktoons,Nicktoons,https://raw.githubusercontent.com/SasSam/tv_channel_logos/refs/heads/main/jpg/nicktoons.jpg
OzoneTV HD,OzoneTV HD,OzoneTV HD,https://raw.githubusercontent.com/SasSam/tv_channel_logos/refs/heads/main/jpg/ozonetv.jpg
Paramount Network HD,Paramount Network HD,Paramount Network HD,https://raw.githubusercontent.com/SasSam/tv_channel_logos/refs/heads/main/jpg/paramount_network.jpg
PAX TV,PAX TV,PAX TV,
PETŐFI RÁDIÓ,PETŐFI RÁDIÓ,PETŐFI RÁDIÓ,
Prime,Prime,Prime,https://raw.githubusercontent.com/SasSam/tv_channel_logos/refs/heads/main/jpg/prime.jpg
Prime,Prime,Prime,https://raw.githubusercontent.com/SasSam/tv_channel_logos/refs/heads/main/jpg/prime.jpg
Pro7,Pro7,Pro7,
Promóció 1,Promóció 1,Promóció 1,
Promóció 2,Promóció 2,Promóció 2,
Promóció 3,Promóció 3,Promóció 3,
Radio1,Radio1,Radio1,
Rai Uno,Rai Uno,Rai Uno,
Rakosmente TV,Rakosmente TV,Rakosmente TV,
Regio Plusz TV,Regio Plusz TV,Regio Plusz TV,
RTL DE,RTL DE,RTL DE,
RTL Gold,RTL Gold,RTL Gold,https://raw.githubusercontent.com/SasSam/tv_channel_logos/refs/heads/main/jpg/rtl_gold.jpg
RTL HÁROM HD,RTL HÁROM HD,RTL HÁROM HD,https://raw.githubusercontent.com/SasSam/tv_channel_logos/refs/heads/main/jpg/rtl_harom.jpg
RTL HD,RTL HD,RTL HD,https://raw.githubusercontent.com/SasSam/tv_channel_logos/refs/heads/main/jpg/rtl.jpg
RTL KETTŐ HD,RTL KETTŐ HD,RTL KETTŐ HD,https://raw.githubusercontent.com/SasSam/tv_channel_logos/refs/heads/main/jpg/rtl_ketto.jpg
RTL Otthon HD,RTL Otthon HD,RTL Otthon HD,https://raw.githubusercontent.com/SasSam/tv_channel_logos/refs/heads/main/jpg/rtl_otthon.jpg
SAT1,SAT1,SAT1,
Signal TV,Signal TV,Signal TV,
Sky News,Sky News,Sky News,https://raw.githubusercontent.com/SasSam/tv_channel_logos/refs/heads/main/jpg/sky_news.jpg
Sorozat Klub,Sorozat Klub,Sorozat Klub,https://raw.githubusercontent.com/SasSam/tv_channel_logos/refs/heads/main/jpg/sorozatklub.jpg
Sorozat+,Sorozat+,Sorozat+,https://raw.githubusercontent.com/SasSam/tv_channel_logos/refs/heads/main/jpg/sorozat_plusz.jpg
Spektrum HD,Spektrum HD,Spektrum HD,https://raw.githubusercontent.com/SasSam/tv_channel_logos/refs/heads/main/jpg/spektrum_tv.jpg
Spektrum Home,Spektrum Home,Spektrum Home,https://raw.githubusercontent.com/SasSam/tv_channel_logos/refs/heads/main/jpg/spektrum_home.jpg
Spektrum Home,Spektrum Home,Spektrum Home,https://raw.githubusercontent.com/SasSam/tv_channel_logos/refs/heads/main/jpg/spektrum_home.jpg
Spíler1 TV HD,Spíler1 TV HD,Spíler1 TV HD,https://raw.githubusercontent.com/SasSam/tv_channel_logos/refs/heads/main/jpg/spiler1.jpg
Spíler2 TV HD,Spíler2 TV HD,Spíler2 TV HD,https://raw.githubusercontent.com/SasSam/tv_channel_logos/refs/heads/main/jpg/spiler2.jpg
Sport 1 HD,Sport 1 HD,Sport 1 HD,https://raw.githubusercontent.com/SasSam/tv_channel_logos/refs/heads/main/jpg/sport_1.jpg
Sport 2 HD,Sport 2 HD,Sport 2 HD,https://raw.githubusercontent.com/SasSam/tv_channel_logos/refs/heads/main/jpg/sport_2.jpg
Story4,Story4,Story4,https://raw.githubusercontent.com/SasSam/tv_channel_logos/refs/heads/main/jpg/story_4.jpg
Story4 HD,Story4 HD,Story4 HD,https://raw.githubusercontent.com/SasSam/tv_channel_logos/refs/heads/main/jpg/story_4.jpg
Super TV2 HD,Super TV2 HD,Super TV2 HD,https://raw.githubusercontent.com/SasSam/tv_channel_logos/refs/heads/main/jpg/super_tv2.jpg
SuperONE HD,SuperONE HD,SuperONE HD,https://raw.githubusercontent.com/SasSam/tv_channel_logos/refs/heads/main/jpg/superone.jpg
SzilasTv,SzilasTv,SzilasTv,
TeenNick,TeenNick,TeenNick,https://raw.githubusercontent.com/SasSam/tv_channel_logos/refs/heads/main/jpg/teennick.jpg
The Fishing &amp; Hunting HD,The Fishing &amp; Hunting HD,The Fishing &amp; Hunting HD,https://raw.githubusercontent.com/SasSam/tv_channel_logos/refs/heads/main/jpg/fishing_and_hunting.jpg
Tilos Rádió,Tilos Rádió,Tilos Rádió,https://raw.githubusercontent.com/SasSam/tv_channel_logos/refs/heads/main/jpg/tilos_radio.jpg
TLC,TLC,TLC,https://raw.githubusercontent.com/SasSam/tv_channel_logos/refs/heads/main/jpg/tlc.jpg
Travel HD,Travel HD,Travel HD,https://raw.githubusercontent.com/SasSam/tv_channel_logos/refs/heads/main/jpg/travel_channel.jpg
TV Paprika HD,TV Paprika HD,TV Paprika HD,https://raw.githubusercontent.com/SasSam/tv_channel_logos/refs/heads/main/jpg/tv_paprika.jpg
TV10,TV10,TV10,
TV13,TV13,TV13,
TV18,TV18,TV18,
TV2 Comedy,TV2 Comedy,TV2 Comedy,https://raw.githubusercontent.com/SasSam/tv_channel_logos/refs/heads/main/jpg/tv2_comedy.jpg
TV2 HD,TV2 HD,TV2 HD,https://raw.githubusercontent.com/SasSam/tv_channel_logos/refs/heads/main/jpg/tv2.jpg
TV2 Kids,TV2 Kids,TV2 Kids,https://raw.githubusercontent.com/SasSam/tv_channel_logos/refs/heads/main/jpg/tv2_kids.jpg
TV2 Klub,TV2 Klub,TV2 Klub,https://raw.githubusercontent.com/SasSam/tv_channel_logos/refs/heads/main/jpg/tv2_klub.jpg
TV2 Séf,TV2 Séf,TV2 Séf,https://raw.githubusercontent.com/SasSam/tv_channel_logos/refs/heads/main/jpg/tv2_sef.jpg
TV2040,TV2040,TV2040,
TV4 HD,TV4 HD,TV4 HD,https://raw.githubusercontent.com/SasSam/tv_channel_logos/refs/heads/main/jpg/tv4.jpg
TVE,TVE,TVE,
Ujbuda TV,Ujbuda TV,Ujbuda TV,
Viasat Explore,Viasat Explore,Viasat Explore,https://raw.githubusercontent.com/SasSam/tv_channel_logos/refs/heads/main/jpg/viasat_explore.jpg
VIASAT FILM,VIASAT FILM,VIASAT FILM,https://raw.githubusercontent.com/SasSam/tv_channel_logos/refs/heads/main/jpg/viasat_film.jpg
Viasat History HD,Viasat History HD,Viasat History HD,https://raw.githubusercontent.com/SasSam/tv_channel_logos/refs/heads/main/jpg/viasat_history.jpg
Viasat Nature HD,Viasat Nature HD,Viasat Nature HD,https://raw.githubusercontent.com/SasSam/tv_channel_logos/refs/heads/main/jpg/viasat_nature.jpg
VIASAT2,VIASAT2,VIASAT2,https://raw.githubusercontent.com/SasSam/tv_channel_logos/refs/heads/main/jpg/viasat_2.jpg
VIASAT3,VIASAT3,VIASAT3,https://raw.githubusercontent.com/SasSam/tv_channel_logos/refs/heads/main/jpg/viasat_3.jpg
VIASAT3 HD,VIASAT3 HD,VIASAT3 HD,https://raw.githubusercontent.com/SasSam/tv_channel_logos/refs/heads/main/jpg/viasat_3.jpg
VIASAT6,VIASAT6,VIASAT6,https://raw.githubusercontent.com/SasSam/tv_channel_logos/refs/heads/main/jpg/viasat_6.jpg
VOD Promo,VOD Promo,VOD Promo,
Volgyhid TV,Volgyhid TV,Volgyhid TV,
WilliamsTV,WilliamsTV,WilliamsTV,
XV. TV,XV. TV,XV. TV,
Zenebutik,Zenebutik,Zenebutik,https://raw.githubusercontent.com/SasSam/tv_channel_logos/refs/heads/main/jpg/zenebutik.jpg
Zuglo TV,Zuglo TV,Zuglo TV,
